{
  "P_LV0101": 749825.0,
  "Q_LV0101": -7.976988751349557e-11,
  "U_LV0101": 402.4901677775121,
  "I_LV0101": 1075.5832073751808,
  "P_LV0102": 749825.0000000001,
  "Q_LV0102": 1.7712790224935563e-09,
  "U_LV0102": 404.9022868685796,
  "I_LV0102": 1069.1756496194419,
  "P_LV0103": 749824.9999999997,
  "Q_LV0103": 1.7270624804249954e-09,
  "U_LV0103": 407.29570269526107,
  "I_LV0103": 1062.8927895146878,
  "P_LV0104": 749824.9999999998,
  "Q_LV0104": -1.2028689343370752e-09,
  "U_LV0104": 409.67030962249834,
  "I_LV0104": 1056.731853460479,
  "P_LV0105": 749824.9999999997,
  "Q_LV0105": -3.284993310672963e-10,
  "U_LV0105": 412.02600667641053,
  "I_LV0105": 1050.6901471758388,
  "P_LV0201": 749825.0000000001,
  "Q_LV0201": 2.642298798787544e-10,
  "U_LV0201": 402.4901677775123,
  "I_LV0201": 1075.5832073751806,
  "P_LV0202": 749825.0000000002,
  "Q_LV0202": 3.982466418178248e-09,
  "U_LV0202": 404.9022868685798,
  "I_LV0202": 1069.1756496194416,
  "P_LV0203": 749824.9999999995,
  "Q_LV0203": -2.2702639102882412e-09,
  "U_LV0203": 407.2957026952611,
  "I_LV0203": 1062.8927895146874,
  "P_LV0204": 749824.9999999995,
  "Q_LV0204": -5.1722750250630505e-09,
  "U_LV0204": 409.67030962249834,
  "I_LV0204": 1056.7318534604788,
  "P_LV0205": 749825.0000000002,
  "Q_LV0205": 1.7253706377378527e-09,
  "U_LV0205": 412.02600667641065,
  "I_LV0205": 1050.6901471758395,
  "P_LV0301": 749825.0000000001,
  "Q_LV0301": 1.693640080190653e-09,
  "U_LV0301": 402.4901677775123,
  "I_LV0301": 1075.5832073751806,
  "P_LV0302": 749825.0,
  "Q_LV0302": -9.644613756937231e-10,
  "U_LV0302": 404.9022868685798,
  "I_LV0302": 1069.1756496194412,
  "P_LV0303": 749824.9999999992,
  "Q_LV0303": -2.2124075771208736e-09,
  "U_LV0303": 407.29570269526124,
  "I_LV0303": 1062.8927895146867,
  "P_LV0304": 749824.9999999997,
  "Q_LV0304": -6.318665920469906e-09,
  "U_LV0304": 409.6703096224984,
  "I_LV0304": 1056.7318534604788,
  "P_LV0305": 749824.9999999999,
  "Q_LV0305": -6.814868293605073e-10,
  "U_LV0305": 412.0260066764107,
  "I_LV0305": 1050.6901471758388,
  "P_LV0401": 749825.0000000001,
  "Q_LV0401": 4.795405730642219e-11,
  "U_LV0401": 402.4901677775121,
  "I_LV0401": 1075.583207375181,
  "P_LV0402": 749824.9999999997,
  "Q_LV0402": 2.4242139325117055e-10,
  "U_LV0402": 404.9022868685796,
  "I_LV0402": 1069.1756496194412,
  "P_LV0403": 749824.9999999995,
  "Q_LV0403": -3.44987051224341e-09,
  "U_LV0403": 407.29570269526107,
  "I_LV0403": 1062.8927895146876,
  "P_LV0404": 749824.9999999997,
  "Q_LV0404": -1.7996080765592147e-09,
  "U_LV0404": 409.6703096224982,
  "I_LV0404": 1056.7318534604792,
  "P_LV0405": 749825.0000000002,
  "Q_LV0405": 1.3455023315900113e-09,
  "U_LV0405": 412.0260066764105,
  "I_LV0405": 1050.69014717584,
  "P_POI_MV_MV0101": 3659323.1243656543,
  "Q_POI_MV_MV0101": -27872.759788127867,
  "U_POI_MV_MV0101": 19887.8361537509,
  "I_POI_MV_MV0101": 106.2344068359018,
  "P_POI_MV_MV0201": 3659323.124365832,
  "Q_POI_MV_MV0201": -27872.759788039046,
  "U_POI_MV_MV0201": 19887.8361537509,
  "I_POI_MV_MV0201": 106.23440683590695,
  "P_POI_MV_MV0301": 3659323.1243657875,
  "Q_POI_MV_MV0301": -27872.759787994637,
  "U_POI_MV_MV0301": 19887.8361537509,
  "I_POI_MV_MV0301": 106.23440683590565,
  "P_POI_MV_MV0401": 3659323.1243656543,
  "Q_POI_MV_MV0401": -27872.759788127867,
  "U_POI_MV_MV0401": 19887.8361537509,
  "I_POI_MV_MV0401": 106.2344068359018,
  "P_POI": 14637192.497462112,
  "Q_POI": -534510.4942210632,
  "U_POI": 19887.8361537509,
  "I_POI": 425.2056231079923
}