{
  "P_LV0101": 749825.0000000005,
  "Q_LV0101": 1.6971894054167888e-09,
  "U_LV0101": 407.20525510820715,
  "I_LV0101": 1063.1288770575254,
  "P_LV0102": 749824.9999999997,
  "Q_LV0102": -3.592401461256353e-09,
  "U_LV0102": 409.7467197340146,
  "I_LV0102": 1056.534792703487,
  "P_LV0103": 749825.0000000003,
  "Q_LV0103": 2.5662529533865447e-10,
  "U_LV0103": 412.2680392638282,
  "I_LV0103": 1050.0733124210785,
  "P_LV0104": 749825.0000000005,
  "Q_LV0104": 3.1193348935031627e-09,
  "U_LV0104": 414.76910467347034,
  "I_LV0104": 1043.7413508316247,
  "P_LV0105": 749825.0000000002,
  "Q_LV0105": -5.953190783271816e-10,
  "U_LV0105": 417.24981086817013,
  "I_LV0105": 1037.5359180974908,
  "P_LV0106": 749825.0000000001,
  "Q_LV0106": 2.024022290677392e-09,
  "U_LV0106": 419.7100566235196,
  "I_LV0106": 1031.454116391196,
  "P_LV0107": 749824.9999999998,
  "Q_LV0107": -3.0288948567562555e-09,
  "U_LV0107": 422.14974453119777,
  "I_LV0107": 1025.4931365074365,
  "P_LV0108": 749824.9999999995,
  "Q_LV0108": -1.65434280320574e-09,
  "U_LV0108": 424.56878094915913,
  "I_LV0108": 1019.6502546119867,
  "P_LV0109": 749825.0,
  "Q_LV0109": -1.4111403845935089e-09,
  "U_LV0109": 426.96707595599906,
  "I_LV0109": 1013.9228291216644,
  "P_LV0110": 749824.9999999999,
  "Q_LV0110": 1.867366158675247e-09,
  "U_LV0110": 429.34454330923506,
  "I_LV0110": 1008.3082977097646,
  "P_LV0111": 749825.0000000001,
  "Q_LV0111": -1.3893957638365926e-09,
  "U_LV0111": 431.70110040725103,
  "I_LV0111": 1002.8041744316106,
  "P_LV0112": 749824.9999999998,
  "Q_LV0112": -2.2699850422267733e-09,
  "U_LV0112": 434.0366682546747,
  "I_LV0112": 997.4080469650468,
  "P_LV0113": 749825.0000000003,
  "Q_LV0113": 3.1614631188694274e-10,
  "U_LV0113": 436.3511714309711,
  "I_LV0113": 992.1175739609449,
  "P_LV0114": 749825.0000000001,
  "Q_LV0114": 4.114769296914914e-10,
  "U_LV0114": 438.6445380620455,
  "I_LV0114": 986.9304824989674,
  "P_LV0115": 749824.9999999999,
  "Q_LV0115": 1.7612016209760465e-09,
  "U_LV0115": 440.91669979466997,
  "I_LV0115": 981.8445656440622,
  "P_LV0116": 749825.0,
  "Q_LV0116": -4.147429872792514e-10,
  "U_LV0116": 443.16759177354976,
  "I_LV0116": 976.8576800993175,
  "P_LV0117": 749824.9999999993,
  "Q_LV0117": -2.048660549879258e-09,
  "U_LV0117": 445.39715262086605,
  "I_LV0117": 971.9677439510187,
  "P_LV0118": 749825.0000000002,
  "Q_LV0118": -6.343015948104074e-10,
  "U_LV0118": 447.60532441813535,
  "I_LV0118": 967.1727345019295,
  "P_LV0119": 749825.0,
  "Q_LV0119": 1.6223292406560426e-09,
  "U_LV0119": 449.79205269023936,
  "I_LV0119": 962.4706861889503,
  "P_LV0120": 749825.0000000009,
  "Q_LV0120": 7.366757644974514e-10,
  "U_LV0120": 451.9572863914877,
  "I_LV0120": 957.8596885815475,
  "P_LV0201": 749825.0000000005,
  "Q_LV0201": 3.112242506806111e-09,
  "U_LV0201": 407.20525510820715,
  "I_LV0201": 1063.1288770575254,
  "P_LV0202": 749825.0000000003,
  "Q_LV0202": 6.99256918601382e-10,
  "U_LV0202": 409.7467197340146,
  "I_LV0202": 1056.534792703488,
  "P_LV0203": 749824.9999999995,
  "Q_LV0203": 1.1350912178501006e-09,
  "U_LV0203": 412.2680392638281,
  "I_LV0203": 1050.0733124210778,
  "P_LV0204": 749825.0000000005,
  "Q_LV0204": 2.2890073332690106e-10,
  "U_LV0204": 414.7691046734705,
  "I_LV0204": 1043.7413508316242,
  "P_LV0205": 749825.0,
  "Q_LV0205": 2.110781342863923e-09,
  "U_LV0205": 417.2498108681707,
  "I_LV0205": 1037.5359180974892,
  "P_LV0206": 749825.0000000005,
  "Q_LV0206": 4.108949266346983e-09,
  "U_LV0206": 419.7100566235204,
  "I_LV0206": 1031.4541163911945,
  "P_LV0207": 749825.0000000002,
  "Q_LV0207": -2.8557123706718446e-09,
  "U_LV0207": 422.14974453119856,
  "I_LV0207": 1025.493136507435,
  "P_LV0208": 749825.0000000005,
  "Q_LV0208": 2.4287115544563847e-09,
  "U_LV0208": 424.56878094915993,
  "I_LV0208": 1019.650254611986,
  "P_LV0209": 749824.9999999997,
  "Q_LV0209": -3.2108727682367117e-09,
  "U_LV0209": 426.96707595599986,
  "I_LV0209": 1013.9228291216622,
  "P_LV0210": 749824.9999999993,
  "Q_LV0210": -3.6917791468526766e-09,
  "U_LV0210": 429.34454330923614,
  "I_LV0210": 1008.3082977097612,
  "P_LV0211": 749825.0,
  "Q_LV0211": -2.1020423636933867e-09,
  "U_LV0211": 431.70110040725217,
  "I_LV0211": 1002.8041744316079,
  "P_LV0212": 749824.9999999999,
  "Q_LV0212": -9.91066682895026e-10,
  "U_LV0212": 434.0366682546761,
  "I_LV0212": 997.4080469650438,
  "P_LV0213": 749824.9999999997,
  "Q_LV0213": 4.983173735600877e-10,
  "U_LV0213": 436.3511714309725,
  "I_LV0213": 992.1175739609407,
  "P_LV0214": 749824.9999999999,
  "Q_LV0214": 1.6382772742221183e-09,
  "U_LV0214": 438.6445380620471,
  "I_LV0214": 986.9304824989636,
  "P_LV0215": 749825.0000000002,
  "Q_LV0215": 9.213021228270217e-10,
  "U_LV0215": 440.91669979467156,
  "I_LV0215": 981.8445656440591,
  "P_LV0216": 749824.9999999998,
  "Q_LV0216": 4.690947634150757e-11,
  "U_LV0216": 443.1675917735512,
  "I_LV0216": 976.8576800993139,
  "P_LV0217": 749824.9999999994,
  "Q_LV0217": -3.1981159070753535e-09,
  "U_LV0217": 445.3971526208675,
  "I_LV0217": 971.9677439510158,
  "P_LV0218": 749824.9999999998,
  "Q_LV0218": -2.4357524488636676e-09,
  "U_LV0218": 447.6053244181367,
  "I_LV0218": 967.1727345019261,
  "P_LV0219": 749824.9999999998,
  "Q_LV0219": 9.459887897950188e-10,
  "U_LV0219": 449.79205269024095,
  "I_LV0219": 962.4706861889466,
  "P_LV0220": 749824.9999999993,
  "Q_LV0220": -1.00339795439223e-09,
  "U_LV0220": 451.95728639148945,
  "I_LV0220": 957.8596885815417,
  "P_POI_MV_MV0101": 14085492.798035303,
  "Q_POI_MV_MV0101": 1413670.507827547,
  "U_POI_MV_MV0101": 451.95728639148945,
  "I_POI_MV_MV0101": 18083.82829133278,
  "P_POI_MV_MV0201": 14085492.79803477,
  "Q_POI_MV_MV0201": 1413670.5078273693,
  "U_POI_MV_MV0201": 451.95728639148945,
  "I_POI_MV_MV0201": 18083.82829133208,
  "P_POI": 28170885.59606869,
  "Q_POI": 2078157.6160889158,
  "U_POI": 451.95728639148945,
  "I_POI": 36084.524321112025
}