{
  "P_LV0101": 0.007498250000000003,
  "Q_LV0101": -2.0551857354872597e-18,
  "U_LV0101": 1.0024319553901786,
  "I_LV0101_MV0101": 0.004318613979405797,
  "P_LV0102": 0.007498249999999996,
  "Q_LV0102": -1.080566823572284e-17,
  "U_LV0102": 1.0083493193513966,
  "I_LV0102_MV0102": 0.004293270767253296,
  "P_LV0103": 0.0074982500000000014,
  "Q_LV0103": 5.143562568038109e-18,
  "U_LV0103": 1.0142710246428686,
  "I_LV0103_MV0103": 0.004268204997254479,
  "P_LV0201": 0.007498250000000003,
  "Q_LV0201": 7.571925919604239e-21,
  "U_LV0201": 1.0024319553901784,
  "I_LV0201_MV0201": 0.004318613979405798,
  "P_LV0202": 0.0074982499999999945,
  "Q_LV0202": -1.1236610079637855e-17,
  "U_LV0202": 1.0083493193513964,
  "I_LV0202_MV0202": 0.0042932707672532966,
  "P_LV0203": 0.007498250000000002,
  "Q_LV0203": 4.108085155292889e-18,
  "U_LV0203": 1.0142710246428681,
  "I_LV0203_MV0203": 0.0042682049972544815,
  "P_POI_MV_MV0101": -0.022081088921642067,
  "Q_POI_MV_MV0101": 0.0009666628231850272,
  "U_POI_MV": 0.9907451409877114,
  "I_POI_MV_MV0101": 0.012879935046778236,
  "P_POI_MV_MV0201": -0.022081088921641623,
  "Q_POI_MV_MV0201": 0.0009666628231850272,
  "I_POI_MV_MV0201": 0.012879935046777974,
  "P_POI_POI_MV": -0.044161177843273475,
  "Q_POI_POI_MV": 0.003592177934407359,
  "U_POI": 0.9907451409877114,
  "I_POI_POI_MV": 0.02581963580580916
}