{
  "P_LV0101": 749824.9999999999,
  "Q_LV0101": 1.3065609679895252e-09,
  "U_LV0101": 402.34109123570835,
  "I_LV0101": 1075.9817354611023,
  "P_LV0102": 749825.0,
  "Q_LV0102": 1.0396602016964785e-09,
  "U_LV0102": 404.74103665134214,
  "I_LV0102": 1069.6016128654533,
  "P_LV0103": 749825.0,
  "Q_LV0103": -1.454096911332799e-09,
  "U_LV0103": 407.1224146506749,
  "I_LV0103": 1063.3452004025971,
  "P_LV0201": 749824.9999999999,
  "Q_LV0201": 2.0617803750043634e-09,
  "U_LV0201": 402.34109123570835,
  "I_LV0201": 1075.9817354611023,
  "P_LV0202": 749825.0000000001,
  "Q_LV0202": 5.40061980212617e-10,
  "U_LV0202": 404.74103665134226,
  "I_LV0202": 1069.6016128654533,
  "P_LV0203": 749825.0000000002,
  "Q_LV0203": -1.8152269819492759e-09,
  "U_LV0203": 407.12241465067495,
  "I_LV0203": 1063.3452004025974,
  "P_POI_MV_MV0101": 2208417.355812875,
  "Q_POI_MV_MV0101": -41601.46776621687,
  "U_POI_MV_MV0101": 407.12241465067495,
  "I_POI_MV_MV0101": 3132.3663755055863,
  "P_POI_MV_MV0201": 2208417.355812875,
  "Q_POI_MV_MV0201": -41601.46776621687,
  "U_POI_MV_MV0201": 407.12241465067495,
  "I_POI_MV_MV0201": 3132.3663755055863,
  "P_POI": 4416734.711624839,
  "Q_POI": -212164.67627120926,
  "U_POI": 407.12241465067495,
  "I_POI": 6270.7020439566595
}