{
  "P_LV0101": 0.007498249999999999,
  "Q_LV0101": 1.3065609679895252e-17,
  "U_LV0101": 1.0058527280892708,
  "I_LV0101": 0.0043039269418444085,
  "P_LV0102": 0.00749825,
  "Q_LV0102": 1.0396602016964785e-17,
  "U_LV0102": 1.0118525916283554,
  "I_LV0102": 0.0042784064514618135,
  "P_LV0103": 0.00749825,
  "Q_LV0103": -1.454096911332799e-17,
  "U_LV0103": 1.0178060366266872,
  "I_LV0103": 0.0042533808016103885,
  "P_LV0201": 0.007498249999999999,
  "Q_LV0201": 2.0617803750043635e-17,
  "U_LV0201": 1.0058527280892708,
  "I_LV0201": 0.0043039269418444085,
  "P_LV0202": 0.0074982500000000014,
  "Q_LV0202": 5.4006198021261694e-18,
  "U_LV0202": 1.0118525916283556,
  "I_LV0202": 0.0042784064514618135,
  "P_LV0203": 0.007498250000000002,
  "Q_LV0203": -1.815226981949276e-17,
  "U_LV0203": 1.0178060366266874,
  "I_LV0203": 0.004253380801610389,
  "P_POI_MV_MV0101": -0.02208417355812875,
  "Q_POI_MV_MV0101": 0.0004160146776621687,
  "U_POI_MV_MV0101": 0.994048257396849,
  "I_POI_MV_MV0101": 0.0128289200537002,
  "P_POI_MV_MV0201": -0.02208417355812875,
  "Q_POI_MV_MV0201": 0.0004160146776621687,
  "U_POI_MV_MV0201": 0.994048257396849,
  "I_POI_MV_MV0201": 0.0128289200537002,
  "P_POI": -0.044167347116248395,
  "Q_POI": 0.0021216467627120927,
  "U_POI": 0.994048257396849,
  "I_POI": 0.025682287944209528
}